{
    "10-clubs": [
        0.0,
        0.016666666666666666,
        0,
        1
    ],
    "10-diamonds": [
        0.016666666666666666,
        0.03333333333333333,
        0,
        1
    ],
    "10-hearts": [
        0.03333333333333333,
        0.05,
        0,
        1
    ],
    "10-spades": [
        0.05,
        0.06666666666666667,
        0,
        1
    ],
    "2-clubs": [
        0.06666666666666667,
        0.08333333333333333,
        0,
        1
    ],
    "2-diamonds": [
        0.08333333333333333,
        0.1,
        0,
        1
    ],
    "2-hearts": [
        0.1,
        0.11666666666666667,
        0,
        1
    ],
    "2-spades": [
        0.11666666666666667,
        0.13333333333333333,
        0,
        1
    ],
    "3-clubs": [
        0.13333333333333333,
        0.15,
        0,
        1
    ],
    "3-diamonds": [
        0.15,
        0.16666666666666666,
        0,
        1
    ],
    "3-hearts": [
        0.16666666666666666,
        0.18333333333333332,
        0,
        1
    ],
    "3-spades": [
        0.18333333333333332,
        0.2,
        0,
        1
    ],
    "4-clubs": [
        0.2,
        0.21666666666666667,
        0,
        1
    ],
    "4-diamonds": [
        0.21666666666666667,
        0.23333333333333334,
        0,
        1
    ],
    "4-hearts": [
        0.23333333333333334,
        0.25,
        0,
        1
    ],
    "4-spades": [
        0.25,
        0.26666666666666666,
        0,
        1
    ],
    "5-clubs": [
        0.26666666666666666,
        0.2833333333333333,
        0,
        1
    ],
    "5-diamonds": [
        0.2833333333333333,
        0.3,
        0,
        1
    ],
    "5-hearts": [
        0.3,
        0.31666666666666665,
        0,
        1
    ],
    "5-spades": [
        0.31666666666666665,
        0.3333333333333333,
        0,
        1
    ],
    "6-clubs": [
        0.3333333333333333,
        0.35,
        0,
        1
    ],
    "6-diamonds": [
        0.35,
        0.36666666666666664,
        0,
        1
    ],
    "6-hearts": [
        0.36666666666666664,
        0.38333333333333336,
        0,
        1
    ],
    "6-spades": [
        0.38333333333333336,
        0.4,
        0,
        1
    ],
    "7-clubs": [
        0.4,
        0.4166666666666667,
        0,
        1
    ],
    "7-diamonds": [
        0.4166666666666667,
        0.43333333333333335,
        0,
        1
    ],
    "7-hearts": [
        0.43333333333333335,
        0.45,
        0,
        1
    ],
    "7-spades": [
        0.45,
        0.4666666666666667,
        0,
        1
    ],
    "8-clubs": [
        0.4666666666666667,
        0.48333333333333334,
        0,
        1
    ],
    "8-diamonds": [
        0.48333333333333334,
        0.5,
        0,
        1
    ],
    "8-hearts": [
        0.5,
        0.5166666666666667,
        0,
        1
    ],
    "8-spades": [
        0.5166666666666667,
        0.5333333333333333,
        0,
        1
    ],
    "9-clubs": [
        0.5333333333333333,
        0.55,
        0,
        1
    ],
    "9-diamonds": [
        0.55,
        0.5666666666666667,
        0,
        1
    ],
    "9-hearts": [
        0.5666666666666667,
        0.5833333333333334,
        0,
        1
    ],
    "9-spades": [
        0.5833333333333334,
        0.6,
        0,
        1
    ],
    "A-clubs": [
        0.6,
        0.6166666666666667,
        0,
        1
    ],
    "A-diamonds": [
        0.6166666666666667,
        0.6333333333333333,
        0,
        1
    ],
    "A-hearts": [
        0.6333333333333333,
        0.65,
        0,
        1
    ],
    "A-spades": [
        0.65,
        0.6666666666666666,
        0,
        1
    ],
    "Emerald": [
        0.6666666666666666,
        0.6833333333333333,
        0,
        1
    ],
    "J-clubs": [
        0.6833333333333333,
        0.7,
        0,
        1
    ],
    "J-diamonds": [
        0.7,
        0.7166666666666667,
        0,
        1
    ],
    "J-hearts": [
        0.7166666666666667,
        0.7333333333333333,
        0,
        1
    ],
    "J-spades": [
        0.7333333333333333,
        0.75,
        0,
        1
    ],
    "Joker_1": [
        0.75,
        0.7666666666666667,
        0,
        1
    ],
    "Joker_2": [
        0.7666666666666667,
        0.7833333333333333,
        0,
        1
    ],
    "Joker_3": [
        0.7833333333333333,
        0.8,
        0,
        1
    ],
    "Joker_4": [
        0.8,
        0.8166666666666667,
        0,
        1
    ],
    "K-clubs": [
        0.8166666666666667,
        0.8333333333333334,
        0,
        1
    ],
    "K-diamonds": [
        0.8333333333333334,
        0.85,
        0,
        1
    ],
    "K-hearts": [
        0.85,
        0.8666666666666667,
        0,
        1
    ],
    "K-spades": [
        0.8666666666666667,
        0.8833333333333333,
        0,
        1
    ],
    "Peter River": [
        0.8833333333333333,
        0.9,
        0,
        1
    ],
    "Pomegranate": [
        0.9,
        0.9166666666666666,
        0,
        1
    ],
    "Q-clubs": [
        0.9166666666666666,
        0.9333333333333333,
        0,
        1
    ],
    "Q-diamonds": [
        0.9333333333333333,
        0.95,
        0,
        1
    ],
    "Q-hearts": [
        0.95,
        0.9666666666666667,
        0,
        1
    ],
    "Q-spades": [
        0.9666666666666667,
        0.9833333333333333,
        0,
        1
    ],
    "Sun Flower": [
        0.9833333333333333,
        1.0,
        0,
        1
    ]
}